Term,Rate
0.019230769,7.49%
0.038461538,7.49%
0.083333333,7.48%
0.166666667,7.49%
0.25,7.52%
0.5,7.63%
0.75,7.73%
1,7.82%
2,8.32%
3,8.65%
4,8.85%
5,9.01%
6,9.16%
7,9.36%
8,9.60%
9,9.86%
10,10.13%
