Term,RUB,CNY
0.019230769,15.90%,4.49%
0.038461538,16.00%,5.23%
0.083333333,16.00%,5.24%
0.166666667,16.00%,5.48%
0.25,15.94%,7.17%
0.5,15.65%,7.09%
0.75,15.24%,7.24%
1,14.97%,7.16%
2,14.16%,7.35%
3,14.27%,7.79%
4,14.72%,8.27%
5,15.33%,8.75%
